rec_id_1,rec_id_2
rec-3118-dup-0,rec-3118-org
rec-1476-org,rec-1476-dup-0
rec-3798-dup-0,rec-3798-org
rec-2517-dup-0,rec-2517-org
rec-3483-org,rec-3483-dup-0
rec-3707-org,rec-3707-dup-0
rec-2091-dup-0,rec-2091-org
rec-2582-dup-0,rec-2582-org
rec-1050-dup-0,rec-1050-org
rec-2536-dup-0,rec-2536-org
rec-3332-org,rec-3332-dup-0
rec-1029-dup-0,rec-1029-org
rec-152-dup-0,rec-152-org
rec-3894-dup-0,rec-3894-org
rec-3675-dup-0,rec-3675-org
rec-599-dup-0,rec-599-org
rec-166-dup-0,rec-166-org
rec-3823-org,rec-3823-dup-0
rec-3460-org,rec-3460-dup-0
rec-3044-dup-0,rec-3044-org
rec-3015-org,rec-3015-dup-0
rec-2867-dup-0,rec-2867-org
rec-281-org,rec-281-dup-0
rec-1754-org,rec-1754-dup-0
rec-1524-dup-0,rec-1524-org
rec-3618-dup-0,rec-3618-org
rec-907-dup-0,rec-907-org
rec-1836-org,rec-1836-dup-0
rec-3711-org,rec-3711-dup-0
rec-3998-dup-0,rec-3998-org
rec-2421-dup-0,rec-2421-org
rec-1382-org,rec-1382-dup-0
rec-3855-org,rec-3855-dup-0
rec-679-dup-0,rec-679-org
rec-2946-dup-0,rec-2946-org
rec-875-org,rec-875-dup-0
rec-3390-dup-0,rec-3390-org
rec-1450-dup-0,rec-1450-org
rec-1178-dup-0,rec-1178-org
rec-2214-org,rec-2214-dup-0
rec-3056-dup-0,rec-3056-org
rec-2037-dup-0,rec-2037-org
rec-246-org,rec-246-dup-0
rec-1415-org,rec-1415-dup-0
rec-95-org,rec-95-dup-0
rec-3557-dup-0,rec-3557-org
rec-2465-dup-0,rec-2465-org
rec-2597-dup-0,rec-2597-org
rec-3639-dup-0,rec-3639-org
rec-1986-dup-0,rec-1986-org
rec-2534-dup-0,rec-2534-org
rec-2738-dup-0,rec-2738-org
rec-1383-org,rec-1383-dup-0
rec-2256-dup-0,rec-2256-org
rec-1652-dup-0,rec-1652-org
rec-3135-org,rec-3135-dup-0
rec-3418-org,rec-3418-dup-0
rec-752-org,rec-752-dup-0
rec-1716-dup-0,rec-1716-org
rec-792-org,rec-792-dup-0
rec-3879-org,rec-3879-dup-0
rec-426-dup-0,rec-426-org
rec-2044-dup-0,rec-2044-org
rec-2151-org,rec-2151-dup-0
rec-2511-org,rec-2511-dup-0
rec-97-dup-0,rec-97-org
rec-2588-dup-0,rec-2588-org
rec-2820-org,rec-2820-dup-0
rec-793-dup-0,rec-793-org
rec-3544-org,rec-3544-dup-0
rec-3394-dup-0,rec-3394-org
rec-3885-org,rec-3885-dup-0
rec-1235-dup-0,rec-1235-org
rec-3647-dup-0,rec-3647-org
rec-1620-dup-0,rec-1620-org
rec-1585-dup-0,rec-1585-org
rec-3419-dup-0,rec-3419-org
rec-1175-dup-0,rec-1175-org
rec-2189-dup-0,rec-2189-org
rec-2039-dup-0,rec-2039-org
rec-129-org,rec-129-dup-0
rec-3023-org,rec-3023-dup-0
rec-2211-org,rec-2211-dup-0
rec-3786-org,rec-3786-dup-0
rec-147-org,rec-147-dup-0
rec-3773-dup-0,rec-3773-org
rec-2785-dup-0,rec-2785-org
rec-3131-org,rec-3131-dup-0
rec-329-org,rec-329-dup-0
rec-2185-dup-0,rec-2185-org
rec-2401-dup-0,rec-2401-org
rec-997-org,rec-997-dup-0
rec-784-org,rec-784-dup-0
rec-1094-dup-0,rec-1094-org
rec-68-dup-0,rec-68-org
rec-2411-org,rec-2411-dup-0
rec-3753-dup-0,rec-3753-org
rec-3590-dup-0,rec-3590-org
rec-204-dup-0,rec-204-org
rec-1869-org,rec-1869-dup-0
rec-1643-org,rec-1643-dup-0
rec-522-org,rec-522-dup-0
rec-1808-dup-0,rec-1808-org
rec-1116-dup-0,rec-1116-org
rec-2257-dup-0,rec-2257-org
rec-500-dup-0,rec-500-org
rec-3475-org,rec-3475-dup-0
rec-2963-org,rec-2963-dup-0
rec-396-dup-0,rec-396-org
rec-3383-dup-0,rec-3383-org
rec-683-org,rec-683-dup-0
rec-3961-dup-0,rec-3961-org
rec-3211-org,rec-3211-dup-0
rec-185-dup-0,rec-185-org
rec-3446-org,rec-3446-dup-0
rec-3317-dup-0,rec-3317-org
rec-1709-org,rec-1709-dup-0
rec-1841-org,rec-1841-dup-0
rec-2871-dup-0,rec-2871-org
rec-3378-org,rec-3378-dup-0
rec-3908-org,rec-3908-dup-0
rec-232-dup-0,rec-232-org
rec-449-dup-0,rec-449-org
rec-1066-dup-0,rec-1066-org
rec-3738-org,rec-3738-dup-0
rec-1071-org,rec-1071-dup-0
rec-452-org,rec-452-dup-0
rec-2935-dup-0,rec-2935-org
rec-412-dup-0,rec-412-org
rec-2276-dup-0,rec-2276-org
rec-27-dup-0,rec-27-org
rec-2717-dup-0,rec-2717-org
rec-238-dup-0,rec-238-org
rec-2529-org,rec-2529-dup-0
rec-1922-org,rec-1922-dup-0
rec-3931-org,rec-3931-dup-0
rec-1434-dup-0,rec-1434-org
rec-1912-dup-0,rec-1912-org
rec-2013-dup-0,rec-2013-org
rec-2730-dup-0,rec-2730-org
rec-3440-dup-0,rec-3440-org
rec-2763-org,rec-2763-dup-0
rec-2574-org,rec-2574-dup-0
rec-1996-org,rec-1996-dup-0
rec-3495-org,rec-3495-dup-0
rec-2463-dup-0,rec-2463-org
rec-1559-dup-0,rec-1559-org
rec-1234-org,rec-1234-dup-0
rec-2854-dup-0,rec-2854-org
rec-2055-dup-0,rec-2055-org
rec-321-dup-0,rec-321-org
rec-898-dup-0,rec-898-org
rec-1105-dup-0,rec-1105-org
rec-2460-org,rec-2460-dup-0
rec-742-dup-0,rec-742-org
rec-224-org,rec-224-dup-0
rec-2026-dup-0,rec-2026-org
rec-2842-org,rec-2842-dup-0
rec-1530-org,rec-1530-dup-0
rec-1770-org,rec-1770-dup-0
rec-817-dup-0,rec-817-org
rec-1961-org,rec-1961-dup-0
rec-1165-org,rec-1165-dup-0
rec-2494-org,rec-2494-dup-0
rec-1514-dup-0,rec-1514-org
rec-2714-dup-0,rec-2714-org
rec-3699-dup-0,rec-3699-org
rec-2575-dup-0,rec-2575-org
rec-2362-org,rec-2362-dup-0
rec-1513-org,rec-1513-dup-0
rec-1356-dup-0,rec-1356-org
rec-3161-org,rec-3161-dup-0
rec-1938-org,rec-1938-dup-0
rec-3284-org,rec-3284-dup-0
rec-3434-dup-0,rec-3434-org
rec-319-org,rec-319-dup-0
rec-2561-org,rec-2561-dup-0
rec-373-org,rec-373-dup-0
rec-3795-dup-0,rec-3795-org
rec-766-org,rec-766-dup-0
rec-2237-org,rec-2237-dup-0
rec-1173-org,rec-1173-dup-0
rec-2519-org,rec-2519-dup-0
rec-2097-dup-0,rec-2097-org
rec-3856-dup-0,rec-3856-org
rec-3096-org,rec-3096-dup-0
rec-910-dup-0,rec-910-org
rec-1135-dup-0,rec-1135-org
rec-883-dup-0,rec-883-org
rec-3585-dup-0,rec-3585-org
rec-3527-dup-0,rec-3527-org
rec-2850-dup-0,rec-2850-org
rec-1579-dup-0,rec-1579-org
rec-1030-dup-0,rec-1030-org
rec-3400-org,rec-3400-dup-0
rec-1120-org,rec-1120-dup-0
rec-678-org,rec-678-dup-0
rec-541-dup-0,rec-541-org
rec-361-dup-0,rec-361-org
rec-2993-org,rec-2993-dup-0
rec-429-dup-0,rec-429-org
rec-1451-org,rec-1451-dup-0
rec-1517-org,rec-1517-dup-0
rec-1358-org,rec-1358-dup-0
rec-3631-org,rec-3631-dup-0
rec-2553-org,rec-2553-dup-0
rec-880-dup-0,rec-880-org
rec-1664-org,rec-1664-dup-0
rec-939-dup-0,rec-939-org
rec-2191-dup-0,rec-2191-org
rec-1641-org,rec-1641-dup-0
rec-526-org,rec-526-dup-0
rec-835-dup-0,rec-835-org
rec-1511-org,rec-1511-dup-0
rec-3364-org,rec-3364-dup-0
rec-2292-dup-0,rec-2292-org
rec-2046-dup-0,rec-2046-org
rec-266-dup-0,rec-266-org
rec-2356-org,rec-2356-dup-0
rec-190-dup-0,rec-190-org
rec-3686-dup-0,rec-3686-org
rec-933-org,rec-933-dup-0
rec-5-org,rec-5-dup-0
rec-3838-dup-0,rec-3838-org
rec-1668-org,rec-1668-dup-0
rec-647-dup-0,rec-647-org
rec-650-dup-0,rec-650-org
rec-2917-dup-0,rec-2917-org
rec-3995-org,rec-3995-dup-0
rec-732-dup-0,rec-732-org
rec-2938-dup-0,rec-2938-org
rec-459-dup-0,rec-459-org
rec-2725-org,rec-2725-dup-0
rec-3158-org,rec-3158-dup-0
rec-2355-org,rec-2355-dup-0
rec-2624-org,rec-2624-dup-0
rec-3282-org,rec-3282-dup-0
rec-788-org,rec-788-dup-0
rec-2900-org,rec-2900-dup-0
rec-331-dup-0,rec-331-org
rec-1533-org,rec-1533-dup-0
rec-2503-dup-0,rec-2503-org
rec-1070-org,rec-1070-dup-0
rec-930-org,rec-930-dup-0
rec-557-org,rec-557-dup-0
rec-777-dup-0,rec-777-org
rec-3933-org,rec-3933-dup-0
rec-3660-dup-0,rec-3660-org
rec-1095-dup-0,rec-1095-org
rec-3642-dup-0,rec-3642-org
rec-1211-org,rec-1211-dup-0
rec-3273-org,rec-3273-dup-0
rec-3485-org,rec-3485-dup-0
rec-1283-dup-0,rec-1283-org
rec-3630-dup-0,rec-3630-org
rec-3336-org,rec-3336-dup-0
rec-1381-dup-0,rec-1381-org
rec-1554-dup-0,rec-1554-org
rec-763-org,rec-763-dup-0
rec-3454-dup-0,rec-3454-org
rec-2085-dup-0,rec-2085-org
rec-2554-dup-0,rec-2554-org
rec-3703-dup-0,rec-3703-org
rec-778-org,rec-778-dup-0
rec-2227-dup-0,rec-2227-org
rec-2282-org,rec-2282-dup-0
rec-73-org,rec-73-dup-0
rec-813-dup-0,rec-813-org
rec-198-dup-0,rec-198-org
rec-2179-org,rec-2179-dup-0
rec-2594-org,rec-2594-dup-0
rec-1931-org,rec-1931-dup-0
rec-2194-dup-0,rec-2194-org
rec-3012-org,rec-3012-dup-0
rec-2316-dup-0,rec-2316-org
rec-1424-org,rec-1424-dup-0
rec-1858-org,rec-1858-dup-0
rec-2776-org,rec-2776-dup-0
rec-1730-org,rec-1730-dup-0
rec-2936-dup-0,rec-2936-org
rec-2924-org,rec-2924-dup-0
rec-3872-dup-0,rec-3872-org
rec-1156-dup-0,rec-1156-org
rec-808-org,rec-808-dup-0
rec-1516-org,rec-1516-dup-0
rec-279-org,rec-279-dup-0
rec-1398-dup-0,rec-1398-org
rec-1195-dup-0,rec-1195-org
rec-3907-org,rec-3907-dup-0
rec-1632-dup-0,rec-1632-org
rec-3288-dup-0,rec-3288-org
rec-3834-org,rec-3834-dup-0
rec-1022-dup-0,rec-1022-org
rec-1152-dup-0,rec-1152-org
rec-2902-org,rec-2902-dup-0
rec-1209-dup-0,rec-1209-org
rec-2769-org,rec-2769-dup-0
rec-3149-dup-0,rec-3149-org
rec-2589-org,rec-2589-dup-0
rec-759-org,rec-759-dup-0
rec-2651-dup-0,rec-2651-org
rec-3772-dup-0,rec-3772-org
rec-542-dup-0,rec-542-org
rec-1243-dup-0,rec-1243-org
rec-1268-dup-0,rec-1268-org
rec-405-org,rec-405-dup-0
rec-518-org,rec-518-dup-0
rec-352-dup-0,rec-352-org
rec-2542-org,rec-2542-dup-0
rec-2531-org,rec-2531-dup-0
rec-936-org,rec-936-dup-0
rec-3978-org,rec-3978-dup-0
rec-537-dup-0,rec-537-org
rec-3771-dup-0,rec-3771-org
rec-3624-org,rec-3624-dup-0
rec-3448-dup-0,rec-3448-org
rec-1667-org,rec-1667-dup-0
rec-1523-org,rec-1523-dup-0
rec-3857-dup-0,rec-3857-org
rec-2066-dup-0,rec-2066-org
rec-790-org,rec-790-dup-0
rec-1060-org,rec-1060-dup-0
rec-2363-dup-0,rec-2363-org
rec-3127-dup-0,rec-3127-org
rec-1147-dup-0,rec-1147-org
rec-3578-dup-0,rec-3578-org
rec-2246-dup-0,rec-2246-org
rec-921-dup-0,rec-921-org
rec-2014-dup-0,rec-2014-org
rec-2708-dup-0,rec-2708-org
rec-1241-org,rec-1241-dup-0
rec-2750-dup-0,rec-2750-org
rec-2153-org,rec-2153-dup-0
rec-309-dup-0,rec-309-org
rec-3651-dup-0,rec-3651-org
rec-2659-dup-0,rec-2659-org
rec-3669-org,rec-3669-dup-0
rec-1519-org,rec-1519-dup-0
rec-3500-dup-0,rec-3500-org
rec-3114-dup-0,rec-3114-org
rec-1923-org,rec-1923-dup-0
rec-519-dup-0,rec-519-org
rec-2598-dup-0,rec-2598-org
rec-3584-org,rec-3584-dup-0
rec-719-org,rec-719-dup-0
rec-1114-dup-0,rec-1114-org
rec-839-dup-0,rec-839-org
rec-3210-dup-0,rec-3210-org
rec-3375-dup-0,rec-3375-org
rec-3066-dup-0,rec-3066-org
rec-852-org,rec-852-dup-0
rec-1853-dup-0,rec-1853-org
rec-1362-org,rec-1362-dup-0
rec-825-dup-0,rec-825-org
rec-2056-org,rec-2056-dup-0
rec-866-org,rec-866-dup-0
rec-750-dup-0,rec-750-org
rec-2825-dup-0,rec-2825-org
rec-3600-dup-0,rec-3600-org
rec-1212-dup-0,rec-1212-org
rec-501-org,rec-501-dup-0
rec-610-org,rec-610-dup-0
rec-2600-dup-0,rec-2600-org
rec-2906-dup-0,rec-2906-org
rec-3478-dup-0,rec-3478-org
rec-3737-dup-0,rec-3737-org
rec-3749-org,rec-3749-dup-0
rec-1273-dup-0,rec-1273-org
rec-2955-org,rec-2955-dup-0
rec-2977-dup-0,rec-2977-org
rec-2-dup-0,rec-2-org
rec-60-org,rec-60-dup-0
rec-1768-dup-0,rec-1768-org
rec-1834-org,rec-1834-dup-0
rec-2747-dup-0,rec-2747-org
rec-65-org,rec-65-dup-0
rec-601-dup-0,rec-601-org
rec-2007-org,rec-2007-dup-0
rec-860-org,rec-860-dup-0
rec-3517-dup-0,rec-3517-org
rec-2620-org,rec-2620-dup-0
rec-282-dup-0,rec-282-org
rec-613-dup-0,rec-613-org
rec-2080-org,rec-2080-dup-0
rec-925-org,rec-925-dup-0
rec-3055-org,rec-3055-dup-0
rec-3084-org,rec-3084-dup-0
rec-1449-org,rec-1449-dup-0
rec-2697-org,rec-2697-dup-0
rec-3401-dup-0,rec-3401-org
rec-929-dup-0,rec-929-org
rec-1525-org,rec-1525-dup-0
rec-1063-org,rec-1063-dup-0
rec-265-dup-0,rec-265-org
rec-1645-dup-0,rec-1645-org
rec-1977-org,rec-1977-dup-0
rec-2236-org,rec-2236-dup-0
rec-2757-dup-0,rec-2757-org
rec-2923-dup-0,rec-2923-org
rec-868-org,rec-868-dup-0
rec-173-org,rec-173-dup-0
rec-2661-dup-0,rec-2661-org
rec-1213-dup-0,rec-1213-org
rec-1811-dup-0,rec-1811-org
rec-2904-org,rec-2904-dup-0
rec-514-org,rec-514-dup-0
rec-3757-dup-0,rec-3757-org
rec-2426-dup-0,rec-2426-org
rec-1298-dup-0,rec-1298-org
rec-2878-dup-0,rec-2878-org
rec-2667-dup-0,rec-2667-org
rec-3904-dup-0,rec-3904-org
rec-1536-org,rec-1536-dup-0
rec-2726-org,rec-2726-dup-0
rec-2240-dup-0,rec-2240-org
rec-2042-dup-0,rec-2042-org
rec-149-dup-0,rec-149-org
rec-1432-dup-0,rec-1432-org
rec-2973-dup-0,rec-2973-org
rec-2638-org,rec-2638-dup-0
rec-3941-org,rec-3941-dup-0
rec-3898-dup-0,rec-3898-org
rec-3491-dup-0,rec-3491-org
rec-1249-dup-0,rec-1249-org
rec-1053-dup-0,rec-1053-org
rec-120-dup-0,rec-120-org
rec-741-dup-0,rec-741-org
rec-1286-org,rec-1286-dup-0
rec-922-org,rec-922-dup-0
rec-2429-dup-0,rec-2429-org
rec-3262-org,rec-3262-dup-0
rec-3581-org,rec-3581-dup-0
rec-2311-dup-0,rec-2311-org
rec-159-dup-0,rec-159-org
rec-3292-org,rec-3292-dup-0
rec-1689-org,rec-1689-dup-0
rec-1412-org,rec-1412-dup-0
rec-1840-org,rec-1840-dup-0
rec-2604-dup-0,rec-2604-org
rec-3227-org,rec-3227-dup-0
rec-255-org,rec-255-dup-0
rec-1651-org,rec-1651-dup-0
rec-1385-org,rec-1385-dup-0
rec-3059-dup-0,rec-3059-org
rec-3943-org,rec-3943-dup-0
rec-0-dup-0,rec-0-org
rec-1489-org,rec-1489-dup-0
rec-2488-org,rec-2488-dup-0
rec-2490-org,rec-2490-dup-0
rec-3588-org,rec-3588-dup-0
rec-215-org,rec-215-dup-0
rec-3183-dup-0,rec-3183-org
rec-326-dup-0,rec-326-org
rec-1201-org,rec-1201-dup-0
rec-1390-dup-0,rec-1390-org
rec-954-dup-0,rec-954-org
rec-2911-dup-0,rec-2911-org
rec-3781-dup-0,rec-3781-org
rec-1227-org,rec-1227-dup-0
rec-469-org,rec-469-dup-0
rec-3092-dup-0,rec-3092-org
rec-3653-org,rec-3653-dup-0
rec-2646-org,rec-2646-dup-0
rec-2242-dup-0,rec-2242-org
rec-3755-dup-0,rec-3755-org
rec-1941-org,rec-1941-dup-0
rec-1886-org,rec-1886-dup-0
rec-3488-org,rec-3488-dup-0
rec-540-dup-0,rec-540-org
rec-1905-org,rec-1905-dup-0
rec-2103-org,rec-2103-dup-0
rec-937-dup-0,rec-937-org
rec-3914-org,rec-3914-dup-0
rec-3677-dup-0,rec-3677-org
rec-1357-org,rec-1357-dup-0
rec-3816-org,rec-3816-dup-0
rec-356-org,rec-356-dup-0
rec-2889-dup-0,rec-2889-org
rec-2783-dup-0,rec-2783-org
rec-3549-dup-0,rec-3549-org
rec-1867-org,rec-1867-dup-0
rec-2301-org,rec-2301-dup-0
rec-3205-org,rec-3205-dup-0
rec-3038-org,rec-3038-dup-0
rec-2779-dup-0,rec-2779-org
rec-2928-dup-0,rec-2928-org
rec-816-org,rec-816-dup-0
rec-1263-dup-0,rec-1263-org
rec-1537-dup-0,rec-1537-org
rec-1606-dup-0,rec-1606-org
rec-2030-dup-0,rec-2030-org
rec-3524-org,rec-3524-dup-0
rec-22-org,rec-22-dup-0
rec-1803-dup-0,rec-1803-org
rec-2640-dup-0,rec-2640-org
rec-1167-dup-0,rec-1167-org
rec-1333-dup-0,rec-1333-org
rec-1083-org,rec-1083-dup-0
rec-3094-org,rec-3094-dup-0
rec-1467-org,rec-1467-dup-0
rec-2839-org,rec-2839-dup-0
rec-334-org,rec-334-dup-0
rec-37-dup-0,rec-37-org
rec-3270-dup-0,rec-3270-org
rec-1257-dup-0,rec-1257-org
rec-3279-org,rec-3279-dup-0
rec-653-org,rec-653-dup-0
rec-585-dup-0,rec-585-org
rec-3244-org,rec-3244-dup-0
rec-1655-org,rec-1655-dup-0
rec-598-org,rec-598-dup-0
rec-3775-org,rec-3775-dup-0
rec-538-org,rec-538-dup-0
rec-581-org,rec-581-dup-0
rec-1944-dup-0,rec-1944-org
rec-1187-org,rec-1187-dup-0
rec-3800-dup-0,rec-3800-org
rec-1757-dup-0,rec-1757-org
rec-1107-dup-0,rec-1107-org
rec-1598-dup-0,rec-1598-org
rec-269-org,rec-269-dup-0
rec-3391-dup-0,rec-3391-org
rec-2299-org,rec-2299-dup-0
rec-3113-dup-0,rec-3113-org
rec-3216-org,rec-3216-dup-0
rec-3152-org,rec-3152-dup-0
rec-2115-dup-0,rec-2115-org
rec-3587-dup-0,rec-3587-org
rec-1375-org,rec-1375-dup-0
rec-1219-org,rec-1219-dup-0
rec-2578-org,rec-2578-dup-0
rec-642-org,rec-642-dup-0
rec-3670-org,rec-3670-dup-0
rec-2439-org,rec-2439-dup-0
rec-2247-dup-0,rec-2247-org
rec-474-org,rec-474-dup-0
rec-1916-dup-0,rec-1916-org
rec-1026-dup-0,rec-1026-org
rec-2361-dup-0,rec-2361-org
rec-2178-dup-0,rec-2178-org
rec-1994-dup-0,rec-1994-org
rec-1764-dup-0,rec-1764-org
rec-3976-dup-0,rec-3976-org
rec-290-dup-0,rec-290-org
rec-2199-org,rec-2199-dup-0
rec-114-dup-0,rec-114-org
rec-3197-org,rec-3197-dup-0
rec-207-org,rec-207-dup-0
rec-2948-org,rec-2948-dup-0
rec-1052-org,rec-1052-dup-0
rec-1137-org,rec-1137-dup-0
rec-433-dup-0,rec-433-org
rec-2216-org,rec-2216-dup-0
rec-3225-org,rec-3225-dup-0
rec-3356-org,rec-3356-dup-0
rec-2087-dup-0,rec-2087-org
rec-2716-org,rec-2716-dup-0
rec-3516-org,rec-3516-dup-0
rec-278-org,rec-278-dup-0
rec-2284-org,rec-2284-dup-0
rec-184-org,rec-184-dup-0
rec-3239-org,rec-3239-dup-0
rec-935-dup-0,rec-935-org
rec-2016-org,rec-2016-dup-0
rec-1942-dup-0,rec-1942-org
rec-2332-dup-0,rec-2332-org
rec-574-org,rec-574-dup-0
rec-304-dup-0,rec-304-org
rec-1374-dup-0,rec-1374-org
rec-438-org,rec-438-dup-0
rec-3880-org,rec-3880-dup-0
rec-774-org,rec-774-dup-0
rec-2933-org,rec-2933-dup-0
rec-1843-dup-0,rec-1843-org
rec-2625-dup-0,rec-2625-org
rec-435-dup-0,rec-435-org
rec-1881-org,rec-1881-dup-0
rec-2107-dup-0,rec-2107-org
rec-2660-org,rec-2660-dup-0
rec-128-dup-0,rec-128-org
rec-2580-dup-0,rec-2580-org
rec-968-org,rec-968-dup-0
rec-1136-org,rec-1136-dup-0
rec-2243-org,rec-2243-dup-0
rec-260-dup-0,rec-260-org
rec-3768-dup-0,rec-3768-org
rec-2471-dup-0,rec-2471-org
rec-336-dup-0,rec-336-org
rec-1793-dup-0,rec-1793-org
rec-2996-dup-0,rec-2996-org
rec-1327-org,rec-1327-dup-0
rec-2062-org,rec-2062-dup-0
rec-2170-org,rec-2170-dup-0
rec-3331-org,rec-3331-dup-0
rec-1229-org,rec-1229-dup-0
rec-3168-org,rec-3168-dup-0
rec-2587-dup-0,rec-2587-org
rec-2297-org,rec-2297-dup-0
rec-3296-dup-0,rec-3296-org
rec-1984-dup-0,rec-1984-org
rec-1155-dup-0,rec-1155-org
rec-1646-dup-0,rec-1646-org
rec-1410-dup-0,rec-1410-org
rec-470-org,rec-470-dup-0
rec-2678-dup-0,rec-2678-org
rec-3062-dup-0,rec-3062-org
rec-1328-org,rec-1328-dup-0
rec-882-org,rec-882-dup-0
rec-984-dup-0,rec-984-org
rec-1323-dup-0,rec-1323-org
rec-3808-org,rec-3808-dup-0
rec-3712-org,rec-3712-dup-0
rec-828-org,rec-828-dup-0
rec-2106-dup-0,rec-2106-org
rec-2263-dup-0,rec-2263-org
rec-2780-org,rec-2780-dup-0
rec-3662-dup-0,rec-3662-org
rec-498-dup-0,rec-498-org
rec-1463-dup-0,rec-1463-org
rec-665-dup-0,rec-665-org
rec-2078-dup-0,rec-2078-org
rec-393-dup-0,rec-393-org
rec-2560-dup-0,rec-2560-org
rec-3586-dup-0,rec-3586-org
rec-2267-dup-0,rec-2267-org
rec-3002-org,rec-3002-dup-0
rec-3097-org,rec-3097-dup-0
rec-926-dup-0,rec-926-org
rec-878-dup-0,rec-878-org
rec-3648-org,rec-3648-dup-0
rec-261-org,rec-261-dup-0
rec-3925-dup-0,rec-3925-org
rec-2225-org,rec-2225-dup-0
rec-3032-dup-0,rec-3032-org
rec-1792-org,rec-1792-dup-0
rec-3924-org,rec-3924-dup-0
rec-2670-dup-0,rec-2670-org
rec-1099-dup-0,rec-1099-org
rec-3560-org,rec-3560-dup-0
rec-263-dup-0,rec-263-org
rec-3722-dup-0,rec-3722-org
rec-1396-org,rec-1396-dup-0
rec-1597-dup-0,rec-1597-org
rec-3551-dup-0,rec-3551-org
rec-408-dup-0,rec-408-org
rec-3886-dup-0,rec-3886-org
rec-2345-org,rec-2345-dup-0
rec-622-dup-0,rec-622-org
rec-2791-org,rec-2791-dup-0
rec-2063-dup-0,rec-2063-org
rec-2207-org,rec-2207-dup-0
rec-1788-org,rec-1788-dup-0
rec-3075-org,rec-3075-dup-0
rec-1270-org,rec-1270-dup-0
rec-1429-dup-0,rec-1429-org
rec-1129-dup-0,rec-1129-org
rec-3405-dup-0,rec-3405-org
rec-2573-org,rec-2573-dup-0
rec-11-org,rec-11-dup-0
rec-2682-dup-0,rec-2682-org
rec-909-dup-0,rec-909-org
rec-288-dup-0,rec-288-org
rec-1845-org,rec-1845-dup-0
rec-179-dup-0,rec-179-org
rec-2067-dup-0,rec-2067-org
rec-3936-dup-0,rec-3936-org
rec-2740-org,rec-2740-dup-0
rec-3473-org,rec-3473-dup-0
rec-3299-org,rec-3299-dup-0
rec-2371-dup-0,rec-2371-org
rec-2326-dup-0,rec-2326-org
rec-2210-dup-0,rec-2210-org
rec-2710-org,rec-2710-dup-0
rec-1453-dup-0,rec-1453-org
rec-2253-org,rec-2253-dup-0
rec-1960-org,rec-1960-dup-0
rec-3441-org,rec-3441-dup-0
rec-3472-org,rec-3472-dup-0
rec-3111-dup-0,rec-3111-org
rec-424-dup-0,rec-424-org
rec-3177-org,rec-3177-dup-0
rec-359-org,rec-359-dup-0
rec-1411-org,rec-1411-dup-0
rec-410-dup-0,rec-410-org
rec-1309-dup-0,rec-1309-org
rec-3349-org,rec-3349-dup-0
rec-2105-dup-0,rec-2105-org
rec-3368-org,rec-3368-dup-0
rec-193-dup-0,rec-193-org
rec-2922-org,rec-2922-dup-0
rec-1118-dup-0,rec-1118-org
rec-959-org,rec-959-dup-0
rec-2277-dup-0,rec-2277-org
rec-2532-dup-0,rec-2532-org
rec-1045-dup-0,rec-1045-org
rec-2665-dup-0,rec-2665-org
rec-3869-org,rec-3869-dup-0
rec-3652-org,rec-3652-dup-0
rec-3465-org,rec-3465-dup-0
rec-1217-dup-0,rec-1217-org
rec-3426-dup-0,rec-3426-org
rec-3644-org,rec-3644-dup-0
rec-1285-dup-0,rec-1285-org
rec-1972-org,rec-1972-dup-0
rec-2834-dup-0,rec-2834-org
rec-86-org,rec-86-dup-0
rec-171-org,rec-171-dup-0
rec-3230-org,rec-3230-dup-0
rec-1508-dup-0,rec-1508-org
rec-611-org,rec-611-dup-0
rec-2319-dup-0,rec-2319-org
rec-2629-dup-0,rec-2629-org
rec-442-org,rec-442-dup-0
rec-1832-org,rec-1832-dup-0
rec-1331-org,rec-1331-dup-0
rec-1817-dup-0,rec-1817-org
rec-2702-org,rec-2702-dup-0
rec-2506-org,rec-2506-dup-0
rec-631-org,rec-631-dup-0
rec-1599-org,rec-1599-dup-0
rec-645-org,rec-645-dup-0
rec-760-org,rec-760-dup-0
rec-1443-org,rec-1443-dup-0
rec-3004-dup-0,rec-3004-org
rec-446-dup-0,rec-446-org
rec-2551-dup-0,rec-2551-org
rec-84-dup-0,rec-84-org
rec-2756-dup-0,rec-2756-org
rec-2138-org,rec-2138-dup-0
rec-1172-org,rec-1172-dup-0
rec-3554-org,rec-3554-dup-0
rec-857-org,rec-857-dup-0
rec-2907-dup-0,rec-2907-org
rec-1145-org,rec-1145-dup-0
rec-2759-dup-0,rec-2759-org
rec-2366-dup-0,rec-2366-org
rec-2144-dup-0,rec-2144-org
rec-877-dup-0,rec-877-org
rec-3234-org,rec-3234-dup-0
rec-2168-org,rec-2168-dup-0
rec-92-org,rec-92-dup-0
rec-1275-org,rec-1275-dup-0
rec-3506-org,rec-3506-dup-0
rec-502-dup-0,rec-502-org
rec-3668-dup-0,rec-3668-org
rec-2043-org,rec-2043-dup-0
rec-1621-dup-0,rec-1621-org
rec-262-dup-0,rec-262-org
rec-1970-dup-0,rec-1970-org
rec-2104-org,rec-2104-dup-0
rec-591-dup-0,rec-591-org
rec-1594-dup-0,rec-1594-org
rec-580-dup-0,rec-580-org
rec-2843-dup-0,rec-2843-org
rec-2233-dup-0,rec-2233-org
rec-3690-org,rec-3690-dup-0
rec-1541-org,rec-1541-dup-0
rec-885-dup-0,rec-885-org
rec-1794-dup-0,rec-1794-org
rec-1335-org,rec-1335-dup-0
rec-3042-org,rec-3042-dup-0
rec-575-org,rec-575-dup-0
rec-2715-dup-0,rec-2715-org
rec-3502-org,rec-3502-dup-0
rec-2420-dup-0,rec-2420-org
rec-335-org,rec-335-dup-0
rec-3320-org,rec-3320-dup-0
rec-1168-dup-0,rec-1168-org
rec-3254-dup-0,rec-3254-org
rec-940-org,rec-940-dup-0
rec-2088-org,rec-2088-dup-0
rec-1300-org,rec-1300-dup-0
rec-607-org,rec-607-dup-0
rec-145-dup-0,rec-145-org
rec-1265-org,rec-1265-dup-0
rec-3537-org,rec-3537-dup-0
rec-2159-dup-0,rec-2159-org
rec-2609-org,rec-2609-dup-0
rec-2288-dup-0,rec-2288-org
rec-1553-dup-0,rec-1553-org
rec-721-org,rec-721-dup-0
rec-1371-org,rec-1371-dup-0
rec-3929-dup-0,rec-3929-org
rec-3157-dup-0,rec-3157-org
rec-2121-org,rec-2121-dup-0
rec-2860-org,rec-2860-dup-0
rec-3899-dup-0,rec-3899-org
rec-3827-org,rec-3827-dup-0
rec-3110-org,rec-3110-dup-0
rec-2705-dup-0,rec-2705-org
rec-1700-dup-0,rec-1700-org
rec-1102-org,rec-1102-dup-0
rec-3747-org,rec-3747-dup-0
rec-905-dup-0,rec-905-org
rec-89-dup-0,rec-89-org
rec-25-org,rec-25-dup-0
rec-2509-dup-0,rec-2509-org
rec-1580-org,rec-1580-dup-0
rec-1228-org,rec-1228-dup-0
rec-3643-org,rec-3643-dup-0
rec-3650-dup-0,rec-3650-org
rec-3442-dup-0,rec-3442-org
rec-3219-dup-0,rec-3219-org
rec-3582-dup-0,rec-3582-org
rec-2976-org,rec-2976-dup-0
rec-3403-org,rec-3403-dup-0
rec-3354-org,rec-3354-dup-0
rec-2357-org,rec-2357-dup-0
rec-707-dup-0,rec-707-org
rec-3180-org,rec-3180-dup-0
rec-1140-org,rec-1140-dup-0
rec-2408-dup-0,rec-2408-org
rec-1267-dup-0,rec-1267-org
rec-807-dup-0,rec-807-org
rec-2456-org,rec-2456-dup-0
rec-180-dup-0,rec-180-org
rec-2851-dup-0,rec-2851-org
rec-3691-dup-0,rec-3691-org
rec-616-org,rec-616-dup-0
rec-2255-org,rec-2255-dup-0
rec-2349-dup-0,rec-2349-org
rec-2880-org,rec-2880-dup-0
rec-1291-dup-0,rec-1291-org
rec-1459-dup-0,rec-1459-org
rec-3416-org,rec-3416-dup-0
rec-164-dup-0,rec-164-org
rec-2008-dup-0,rec-2008-org
rec-1759-dup-0,rec-1759-org
rec-3511-org,rec-3511-dup-0
rec-1055-org,rec-1055-dup-0
rec-2925-dup-0,rec-2925-org
rec-958-dup-0,rec-958-org
rec-2671-dup-0,rec-2671-org
rec-1883-org,rec-1883-dup-0
rec-407-org,rec-407-dup-0
rec-3979-org,rec-3979-dup-0
rec-3153-org,rec-3153-dup-0
rec-2931-org,rec-2931-dup-0
rec-2252-dup-0,rec-2252-org
rec-900-dup-0,rec-900-org
rec-3071-dup-0,rec-3071-org
rec-827-dup-0,rec-827-org
rec-3373-dup-0,rec-3373-org
rec-712-dup-0,rec-712-org
rec-2072-dup-0,rec-2072-org
rec-1635-dup-0,rec-1635-org
rec-2360-dup-0,rec-2360-org
rec-3902-dup-0,rec-3902-org
rec-376-org,rec-376-dup-0
rec-2068-org,rec-2068-dup-0
rec-1093-dup-0,rec-1093-org
rec-2124-dup-0,rec-2124-org
rec-2070-org,rec-2070-dup-0
rec-667-dup-0,rec-667-org
rec-1068-org,rec-1068-dup-0
rec-2675-dup-0,rec-2675-org
rec-1894-dup-0,rec-1894-org
rec-2919-dup-0,rec-2919-org
rec-3509-dup-0,rec-3509-org
rec-158-dup-0,rec-158-org
rec-2229-org,rec-2229-dup-0
rec-234-dup-0,rec-234-org
rec-3891-org,rec-3891-dup-0
rec-1982-org,rec-1982-dup-0
rec-2584-dup-0,rec-2584-org
rec-2599-dup-0,rec-2599-org
rec-1962-org,rec-1962-dup-0
rec-516-dup-0,rec-516-org
rec-2979-org,rec-2979-dup-0
rec-1293-org,rec-1293-dup-0
rec-122-dup-0,rec-122-org
rec-1401-dup-0,rec-1401-org
rec-2342-dup-0,rec-2342-org
rec-3209-org,rec-3209-dup-0
rec-1540-org,rec-1540-dup-0
rec-2386-dup-0,rec-2386-org
rec-506-org,rec-506-dup-0
rec-3294-dup-0,rec-3294-org
rec-2987-org,rec-2987-dup-0
rec-2377-dup-0,rec-2377-org
rec-1067-org,rec-1067-dup-0
rec-1347-dup-0,rec-1347-org
rec-2845-dup-0,rec-2845-org
rec-1416-dup-0,rec-1416-org
rec-2954-dup-0,rec-2954-org
rec-2626-org,rec-2626-dup-0
rec-2058-org,rec-2058-dup-0
rec-2296-org,rec-2296-dup-0
rec-29-dup-0,rec-29-org
rec-1500-dup-0,rec-1500-org
rec-2359-org,rec-2359-dup-0
rec-1262-dup-0,rec-1262-org
rec-1493-org,rec-1493-dup-0
rec-1934-dup-0,rec-1934-org
rec-2224-org,rec-2224-dup-0
rec-1697-org,rec-1697-dup-0
rec-691-org,rec-691-dup-0
rec-3217-dup-0,rec-3217-org
rec-2395-org,rec-2395-dup-0
rec-3371-dup-0,rec-3371-org
rec-1625-org,rec-1625-dup-0
rec-3045-org,rec-3045-dup-0
rec-2565-dup-0,rec-2565-org
rec-3890-org,rec-3890-dup-0
rec-3277-org,rec-3277-dup-0
rec-362-dup-0,rec-362-org
rec-2760-dup-0,rec-2760-org
rec-2772-org,rec-2772-dup-0
rec-1690-org,rec-1690-dup-0
rec-2023-dup-0,rec-2023-org
rec-1074-org,rec-1074-dup-0
rec-3871-dup-0,rec-3871-org
rec-2173-dup-0,rec-2173-org
rec-2718-org,rec-2718-dup-0
rec-189-dup-0,rec-189-org
rec-2073-org,rec-2073-dup-0
rec-682-org,rec-682-dup-0
rec-1402-dup-0,rec-1402-org
rec-2435-dup-0,rec-2435-org
rec-1028-org,rec-1028-dup-0
rec-1018-dup-0,rec-1018-org
rec-3330-dup-0,rec-3330-org
rec-43-dup-0,rec-43-org
rec-3568-org,rec-3568-dup-0
rec-3793-dup-0,rec-3793-org
rec-2942-org,rec-2942-dup-0
rec-1542-org,rec-1542-dup-0
rec-3665-org,rec-3665-dup-0
rec-2182-dup-0,rec-2182-org
rec-2193-org,rec-2193-dup-0
rec-2449-org,rec-2449-dup-0
rec-3194-dup-0,rec-3194-org
rec-378-org,rec-378-dup-0
rec-2969-org,rec-2969-dup-0
rec-3790-dup-0,rec-3790-org
rec-3951-org,rec-3951-dup-0
rec-1364-org,rec-1364-dup-0
rec-1718-dup-0,rec-1718-org
rec-2005-org,rec-2005-dup-0
rec-62-dup-0,rec-62-org
rec-1586-dup-0,rec-1586-org
rec-1171-org,rec-1171-dup-0
rec-2474-dup-0,rec-2474-org
rec-643-dup-0,rec-643-org
rec-3208-org,rec-3208-dup-0
rec-1729-dup-0,rec-1729-org
rec-1250-dup-0,rec-1250-org
rec-343-dup-0,rec-343-org
rec-1807-org,rec-1807-dup-0
rec-1350-dup-0,rec-1350-org
rec-710-org,rec-710-dup-0
rec-701-dup-0,rec-701-org
rec-819-org,rec-819-dup-0
rec-1824-dup-0,rec-1824-org
rec-3614-dup-0,rec-3614-org
rec-3821-org,rec-3821-dup-0
rec-3019-dup-0,rec-3019-org
rec-838-org,rec-838-dup-0
rec-2443-dup-0,rec-2443-org
rec-3542-dup-0,rec-3542-org
rec-2265-org,rec-2265-dup-0
rec-1110-dup-0,rec-1110-org
rec-2610-dup-0,rec-2610-org
rec-1237-org,rec-1237-dup-0
rec-3407-dup-0,rec-3407-org
rec-3412-org,rec-3412-dup-0
rec-1626-org,rec-1626-dup-0
rec-346-dup-0,rec-346-org
rec-3049-org,rec-3049-dup-0
rec-33-dup-0,rec-33-org
rec-1909-dup-0,rec-1909-org
rec-1550-org,rec-1550-dup-0
rec-3117-dup-0,rec-3117-org
rec-2852-dup-0,rec-2852-org
rec-2475-org,rec-2475-dup-0
rec-414-org,rec-414-dup-0
rec-127-org,rec-127-dup-0
rec-1677-org,rec-1677-dup-0
rec-534-dup-0,rec-534-org
rec-1826-dup-0,rec-1826-org
rec-3878-org,rec-3878-dup-0
rec-3508-org,rec-3508-dup-0
rec-971-dup-0,rec-971-org
rec-2522-org,rec-2522-dup-0
rec-3797-dup-0,rec-3797-org
rec-3837-org,rec-3837-dup-0
rec-3470-org,rec-3470-dup-0
rec-1633-dup-0,rec-1633-org
rec-3751-org,rec-3751-dup-0
rec-3520-org,rec-3520-dup-0
rec-2100-dup-0,rec-2100-org
rec-26-org,rec-26-dup-0
rec-2735-dup-0,rec-2735-org
rec-3966-org,rec-3966-dup-0
rec-42-dup-0,rec-42-org
rec-1392-org,rec-1392-dup-0
rec-1441-dup-0,rec-1441-org
rec-2792-org,rec-2792-dup-0
rec-955-dup-0,rec-955-org
rec-2541-org,rec-2541-dup-0
